username;firstname;lastname;password;email
Aldo Herlianto;Aldo;Herlianto;Herlianto;email@user.com1
ARIS SAPUTRA;ARIS;SAPUTRA;SAPUTRA;email@user.com2
AYU SARTIKA PUTRI;AYU;SARTIKA PUTRI;SARTIKA PUTRI;email@user.com3
Destamora;Destamora;Destamora;Destamora;email@user.com4
DIKI ARIANDA;DIKI;ARIANDA;ARIANDA;email@user.com5
Dimas Saputra;Dimas;Saputra;Saputra;email@user.com6
Eril Budiman;Eril;Budiman;Budiman;email@user.com7
KAZIMU ILMI;KAZIMU;ILMI;ILMI;email@user.com8
Leni Rahmadani;Leni;Rahmadani;Rahmadani;email@user.com9
MOCHAMAD MAKMUR PUTRA;MOCHAMAD;MAKMUR PUTRA;MAKMUR PUTRA;email@user.com10
MUHAMAD RIFQI;MUHAMAD;RIFQI;RIFQI;email@user.com12
NATASYA IDRUS;NATASYA;IDRUS;IDRUS;email@user.com13
Nayla Martim;Nayla;Martim;Martim;email@user.com14
Niken Pebryan;Niken;Pebryan;Pebryan;email@user.com15
PUTRA RAHMAD ALAMSYAH;PUTRA;RAHMAD ALAMSYAH;RAHMAD ALAMSYAH;email@user.com16
RADIANTO;RADIANTO;RADIANTO;RADIANTO;email@user.com17
Rahma Triyana;Rahma;Triyana;Triyana;email@user.com18
rahmatul alhadi;rahmatul;alhadi;alhadi;email@user.com19
RAMADHANA HASAN;RAMADHANA;HASAN;HASAN;email@user.com20
Randa Saputra;Randa;Saputra;Saputra;email@user.com21
Redha Ruselfi Putri;Redha;Ruselfi Putri;Ruselfi Putri;email@user.com22
RESTU ANUGRAH PRASETYO;RESTU ;ANUGRAH PRASETYO;ANUGRAH PRASETYO;email@user.com23
RIAN KASMADI PUTRA;RIAN ;KASMADI PUTRA;KASMADI PUTRA;email@user.com24
salsabilla zahra;salsabilla;zahra;zahra;email@user.com25
Salwa Rabbani;Salwa;Rabbani;Rabbani;email@user.com26
SELVIA NENGSIH;SELVIA;NENGSIH;NENGSIH;email@user.com27
Silvia Yas Putri;Silvia;Yas Putri;Yas Putri;email@user.com28
ULAN DARI;ULAN;DARI;DARI;email@user.com29
